{"rolling": {"knot": [0, 1, 2, 3, 4, 5, 6, 7, 8, 9, 10, 11, 12, 13, 14, 15, 16, 17, 18, 19, 20, 21, 22, 23, 24, 25, 26, 27, 28, 29, 30, 31, 32, 33, 34, 35, 36, 37, 38, 39, 40, 41, 42, 43], "degree": 1, "point": [[2.0151265606815953e-06, -0.12070287561862625, 1.777248660915044], [2.0151265606176714e-06, -0.3924005776767709, 1.7549256191252534], [2.0151265606815953e-06, -0.6553367138179672, 1.6904948685289949], [2.0151265605537522e-06, -0.9085700294350894, 1.5850491112739948], [2.0151265606176714e-06, -1.130482609459601, 1.450309247074429], [2.0151265608094338e-06, -1.3393916553073937, 1.274004576860887], [2.0151265604259087e-06, -1.5121234907645045, 1.0721101332646188], [2.015126560745513e-06, -1.667009541916354, 0.8154163227683517], [2.0151265604898313e-06, -1.7610674211996658, 0.5850361153330979], [2.0151265606176714e-06, -1.8246582893329035, 0.3275622685793688], [2.015126560745513e-06, -1.8479352063582024, 0.057892416520402695], [2.0151265606815953e-06, -1.8292379489676684, -0.19873218407828042], [2.0151265608094338e-06, -1.7671159591313612, -0.4662878773246125], [2.0151265607135543e-06, -1.6625255547870716, -0.724459929809839], [2.015126560657621e-06, -1.5161808192310398, -0.9665154398502817], [2.0151265607372767e-06, -1.338629210577427, -1.1747685590716574], [2.0151265607055642e-06, -1.1421676828738605, -1.3418940467750662], [2.0151265606975763e-06, -0.8955614185088208, -1.4916243676740413], [2.015126560745513e-06, -0.660676460975009, -1.5887368461430202], [2.0151265609053204e-06, -0.3944210995691458, -1.6545977989169722], [2.015126560745513e-06, -0.11453423815876884, -1.6772420560549548], [2.0151265608094338e-06, 0.13523084735536162, -1.657440290122405], [2.0151265608094338e-06, 0.40188477634789155, -1.5944083936914122], [2.0151265604898313e-06, 0.6589738974944699, -1.4892064995461307], [2.0151265608094338e-06, 0.8916653083919487, -1.3484616589386365], [2.0151265604898313e-06, 1.101337177588557, -1.1706637973982557], [2.0151265608094338e-06, 1.269489060286633, -0.9738003922464463], [2.0151265606815953e-06, 1.4149356956422734, -0.7367190382569895], [2.0151265606815953e-06, 1.5182705510209973, -0.48925497827896713], [2.015126560745513e-06, 1.583574160560886, -0.22563977090736956], [2.015126560745513e-06, 1.6065461469197742, 0.047353377586708614], [2.015126560745513e-06, 1.5857725926017534, 0.31208856394801593], [2.015126560649634e-06, 1.5226979488810757, 0.5757106923093723], [2.0151265607135543e-06, 1.4160369472479306, 0.8345471598113925], [2.015126560737524e-06, 1.2552957387605632, 1.0929695892790527], [2.0151265607366796e-06, 1.100648258196847, 1.2713487366068932], [-0.3413863330495547, 1.3531516129529928, 1.0188453818507481], [2.015126560729536e-06, 0.6935312135916896, 1.6784657812120467], [0.34139036330267664, 1.3531516129529928, 1.0188453818507481], [2.0151265607366796e-06, 1.100648258196847, 1.2713487366068932], [2.0151265607135543e-06, 1.1117535969395869, 0.7774473658373425], [2.015126560729536e-06, 0.6935312135916896, 1.6784657812120467], [2.0151265607135543e-06, 1.5945496289663945, 1.2602433978641547], [2.0151265607366796e-06, 1.100648258196847, 1.2713487366068932]]}, "crossRoundArrow": {"degree": 1, "knot": [0, 1, 2, 3, 4, 5, 6, 7, 8, 9, 10, 11, 12, 13, 14, 15, 16, 17, 18, 19, 20, 21, 22, 23, 24, 25, 26, 27, 28, 29, 30, 31, 32, 33, 34, 35, 36, 37, 38, 39, 40, 41, 42, 43, 44, 45, 46, 47, 48, 49, 50, 51, 52, 53, 54, 55, 56, 57, 58, 59, 60, 61, 62, 63, 64, 65, 66, 67, 68, 69, 70, 71, 72], "point": [[3.301647557260329e-16, 0.021004417107437136, 1.1954243611884896], [-0.22470493358753307, 0.24234962121384365, 1.158670611647359], [-0.44940986717506637, 0.4529644988484973, 1.0813014413112578], [-0.6741149380176648, 0.6454659628098575, 0.966029010264632], [-0.44940986717506665, 0.6454659628098574, 0.966029010264632], [-0.2247049335875332, 0.6454659628098575, 0.966029010264632], [-0.22470493358753332, 0.8131064168473446, 0.816893970366084], [-0.22470493358753327, 0.9500094226079494, 0.6391240925314245], [-0.22470493358753318, 1.051375993998929, 0.4389507567117587], [-0.22339071634013558, 1.1136531464076334, 0.22470493358753335], [-0.4389507567117585, 1.0513759939989284, 0.22470493358753338], [-0.6391240925314247, 0.9500094226079494, 0.22470493358753335], [-0.816893970366084, 0.8131064168473444, 0.22470493358753335], [-0.9660290102646314, 0.6454659628098575, 0.2247049335875334], [-0.9660290102646312, 0.6454659628098574, 0.44940986717506676], [-0.9660290102646312, 0.6454659628098574, 0.6741149380176649], [-1.0813014413112578, 0.4529644988484969, 0.4494098671750667], [-1.1586706116473593, 0.24234962121384349, 0.22470493358753346], [-1.1954243611884894, 0.021004417107437022, 1.1089749680675232e-16], [-1.1586706116473593, 0.24234962121384349, -0.22470493358753324], [-1.081301441311258, 0.4529644988484968, -0.44940986717506665], [-0.9660290102646312, 0.6454659628098574, -0.6741149380176648], [-0.9660290102646312, 0.6454659628098574, -0.4494098671750666], [-0.9660290102646312, 0.6454659628098574, -0.22470493358753327], [-0.816893970366084, 0.8131064168473444, -0.22470493358753332], [-0.6391240925314247, 0.9500094226079494, -0.22470493358753332], [-0.4389507567117585, 1.0513759939989284, -0.2247049335875333], [-0.22339071634013558, 1.1136531464076334, -0.22470493358753335], [-0.22470493358753318, 1.051375993998929, -0.4389507567117587], [-0.22470493358753324, 0.9500094226079492, -0.6391240925314245], [-0.22470493358753324, 0.8131064168473446, -0.8168939703660839], [-0.2247049335875331, 0.6454659628098572, -0.9660290102646314], [-0.44940986717506654, 0.6454659628098574, -0.9660290102646314], [-0.674114938017665, 0.6454659628098572, -0.9660290102646314], [-0.4494098671750665, 0.4529644988484969, -1.0813014413112576], [-0.22470493358753313, 0.2423496212138432, -1.158670611647359], [3.301647557260329e-16, 0.021004417107437136, -1.1954243611884896], [0.22470493358753355, 0.24234962121384343, -1.158670611647359], [0.4494098671750674, 0.4529644988484968, -1.0813014413112576], [0.674114938017665, 0.6454659628098572, -0.9660290102646314], [0.4494098671750673, 0.6454659628098575, -0.9660290102646314], [0.2247049335875337, 0.6454659628098574, -0.9660290102646314], [0.2247049335875336, 0.8131064168473449, -0.8168939703660839], [0.2247049335875336, 0.9500094226079494, -0.6391240925314245], [0.22470493358753377, 1.051375993998929, -0.4389507567117587], [0.22339071634013605, 1.1136531464076334, -0.22470493358753335], [0.43895075671175876, 1.0513759939989287, -0.2247049335875333], [0.6391240925314249, 0.9500094226079496, -0.22470493358753332], [0.8168939703660846, 0.8131064168473452, -0.22470493358753332], [0.966029010264632, 0.6454659628098577, -0.22470493358753327], [0.966029010264632, 0.6454659628098577, -0.4494098671750666], [0.966029010264632, 0.6454659628098577, -0.6741149380176648], [1.081301441311258, 0.4529644988484973, -0.44940986717506665], [1.1586706116473597, 0.24234962121384404, -0.22470493358753324], [1.1954243611884896, 0.02100441710743783, 1.1089749680675232e-16], [1.1586706116473597, 0.24234962121384404, 0.22470493358753346], [1.081301441311258, 0.4529644988484973, 0.4494098671750667], [0.966029010264632, 0.6454659628098577, 0.6741149380176649], [0.966029010264632, 0.6454659628098577, 0.44940986717506676], [0.9660290102646315, 0.6454659628098578, 0.2247049335875334], [0.8168939703660846, 0.8131064168473452, 0.22470493358753335], [0.6391240925314247, 0.9500094226079496, 0.22470493358753335], [0.43895075671175876, 1.0513759939989287, 0.22470493358753338], [0.2247049335875337, 1.113653146407633, 0.223390716340136], [0.22470493358753355, 1.051375993998929, 0.4389507567117587], [0.22470493358753327, 0.9500094226079496, 0.6391240925314245], [0.2247049335875336, 0.8131064168473451, 0.816893970366084], [0.2247049335875336, 0.6454659628098575, 0.966029010264632], [0.44940986717506703, 0.6454659628098577, 0.966029010264632], [0.6741149380176652, 0.6454659628098578, 0.966029010264632], [0.4494098671750674, 0.45296449884849727, 1.0813014413112578], 