{
    "boundingBoxMax": [
        [
            0.360849, 
            1.105777, 
            1.8860169999999998
        ]
    ], 
    "displayGateMaskColorG": 0.5, 
    "filmFitOffset": 0.0, 
    "intermediateObject": false, 
    "displayGateMaskColorB": 0.5, 
    "postScale": 1.0, 
    "useObjectColor": 0, 
    "ghostColorPost": [
        [
            0.878000020980835, 
            0.6779999732971191, 
            0.6629999876022339
        ]
    ], 
    "bestFitClippingPlanes": true, 
    "overrideEnabled": false, 
    "displayGateMaskColorR": 0.5, 
    "threshold": 0.9, 
    "tumblePivotY": 0.0, 
    "tumblePivotX": 0.0, 
    "tumblePivotZ": 0.0, 
    "renderable": true, 
    "stereoHorizontalImageTranslateEnabled": false, 
    "ghostPostSteps": 3, 
    "backgroundColorR": 0.0, 
    "horizontalFilmOffset": 0.0, 
    "shakeEnabled": false, 
    "displayGateMask": true, 
    "binMembership": null, 
    "locatorScale": 1.0, 
    "preScale": 1.0, 
    "customTreatment": null, 
    "backgroundColorB": 0.0, 
    "backgroundColorG": 0.0, 
    "clippingPlanes": true, 
    "boundingBoxMin": [
        [
            -0.3111506223012446, 
            -0.34009, 
            -2.0
        ]
    ], 
    "wireColorB": 0.0, 
    "overrideRGBColors": false, 
    "shutterAngle": 144.0, 
    "template": false, 
    "ghostColorPostG": 0.6779999732971191, 
    "motionBlur": false, 
    "ghostColorPostB": 0.6629999876022339, 
    "ghostColorPostA": 1.0, 
    "parentMatrix": [
        0.17020949916595474, 
        -2.7755575615628914e-17, 
        0.9854078984835035, 
        0.0, 
        -0.29005672108420566, 
        -0.9556970956947761, 
        0.05010149533146668, 
        0.0, 
        0.9417514666553772, 
        -0.29435193439243723, 
        -0.16266872401256527, 
        0.0, 
        123.47943183280302, 
        -38.59448156396104, 
        -21.328601365892723, 
        1.0
    ], 
    "wireColorR": 0.0, 
    "displayResolution": false, 
    "creationDate": null, 
    "ghostColorPostR": 0.878000020980835, 
    "templatePath": null, 
    "overrideShading": true, 
    "overrideTexturing": true, 
    "verticalShake": 0.0, 
    "cameraPrecompTemplate": "", 
    "horizontalFilmAperture": 0.98, 
    "objectColorRGB": [
        [
            0.0, 
            0.0, 
            0.0
        ]
    ], 
    "verticalFilmOffset": 0.0, 
    "panZoomEnabled": false, 
    "objectColor": 0, 
    "useOutlinerColor": false, 
    "boundingBoxMinX": -0.3111506223012446, 
    "boundingBoxMinY": -0.34009, 
    "boundingBoxMinZ": -2.0, 
    "creator": null, 
    "tumblePivot": [
        [
            0.0, 
            0.0, 
            0.0
        ]
    ], 
    "shake": [
        [
            0.0, 
            0.0
        ]
    ], 
    "ghostRangeEnd": 100.0, 
    "overscan": 1.0, 
    "boundingBoxSize": [
        [
            0.6719996223012445, 
            1.445867, 
            3.886017
        ]
    ], 
    "templateVersion": 0, 
    "overridePlayback": true, 
    "matrix": [
        1.0, 
        0.0, 
        0.0, 
        0.0, 
        0.0, 
        1.0, 
        0.0, 
        0.0, 
        0.0, 
        0.0, 
        1.0, 
        0.0, 
        0.0, 
        0.0, 
        0.0, 
        1.0
    ], 
    "filmRollValue": 0.0, 
    "ghostCustomSteps": [
        [
            3.0, 
            3.0, 
            1.0
        ]
    ], 
    "outlinerColorR": 0.0, 
    "identification": 0, 
    "backgroundColor": [
        [
            0.0, 
            0.0, 
            0.0
        ]
    ], 
    "containerType": null, 
    "outlinerColorG": 0.0, 
    "filmRollPivot": [
        [
            0.0, 
            0.0
        ]
    ], 
    "outlinerColorB": 0.0, 
    "isHistoricallyInteresting": 2, 
    "ghostColorPreB": 1.0, 
    "parentInverseMatrix": [
        0.17020949916595463, 
        -0.2900567210842057, 
        0.9417514666553773, 
        -0.0, 
        1.387778780781446e-17, 
        -0.9556970956947765, 
        -0.2943519343924373, 
        0.0, 
        0.9854078984835036, 
        0.0501014953314667, 
        -0.16266872401256538, 
        -0.0, 
        -1.3012751258385534e-12, 
        3.7358995164567143e-13, 
        -131.11679270470253, 
        1.0
    ], 
    "viewName": null, 
    "overrideColorRGB": [
        [
            0.0, 
            0.0, 
            0.0
        ]
    ], 
    "verticalRollPivot": 0.0, 
    "instObjGroups.objectGroups": [
        []
    ], 
    "horizontalShake": 0.0, 
    "overrideColor": 0, 
    "displaySafeTitle": false, 
    "rmbCommand": null, 
    "filmFit": 1, 
    "boundingBoxCenterX": 0.0248491888493777, 
    "boundingBoxCenterY": 0.3828435, 
    "iconName": "", 
    "orthographicWidth": 10.0, 
    "ghostRangeStart": 0.0, 
    "verticalFilmAperture": 0.735, 
    "isHierarchicalConnection": [
        []
    ], 
    "cameraScale": 1.0, 
    "wireColorRGB": [
        [
            0.0, 
            0.0, 
            0.0
        ]
    ], 
    "instObjGroups": [
        [
            0.0
        ]
    ], 
    "filmTranslateV": 0.0, 
    "selectionChildHighlighting": true, 
    "maskName": "persp_mask", 
    "image": true, 
    "filmRollOrder": 0, 
    "orthographic": false, 
    "overrideLevelOfDetail": 0, 
    "filmTranslateH": 0.0, 
    "ghosting": false, 
    "focusDistance": 5.0, 
    "renderPanZoom": false, 
    "horizontalPan": 0.0, 
    "focusRegionScale": 1.0, 
    "depthType": 1, 
    "verticalPan": 0.0, 
    "homeCommand": "viewSet -p %camera", 
    "focalLength": 80.0, 
    "displayGateMaskOpacity": 0.699999988079071, 
    "shakeOverscan": 1.0, 
    "displayCameraNearClip": false, 
    "wireColorG": 0.0, 
    "journalCommand": false, 
    "boundingBoxCenterZ": -0.056991500000000084, 
    "displaySafeAction": false, 
    "overrideColorR": 0.0, 
    "horizontalRollPivot": 0.0, 
    "fStop": 5.6, 
    "renderInfo": [
        [
            0.0, 
            1.0, 
            0.0
        ]
    ], 
    "lensSqueezeRatio": 1.0, 
    "depthOfField": false, 
    "layerOverrideColor": 0, 
    "publishedNodeInfo": [
        []
    ], 
    "stereoHorizontalImageTranslate": 0.0, 
    "uiTreatment": 0, 
    "ghostColorPre": [
        [
            0.44699999690055847, 
            1.0, 
            1.0
        ]
    ], 
    "displayGateMaskColor": [
        [
            0.5, 
            0.5, 
            0.5
        ]
    ], 
    "frozen": false, 
    "worldMatrix": [
        0.17020949916595474, 
        -2.7755575615628914e-17, 
        0.9854078984835035, 
        0.0, 
        -0.29005672108420566, 
        -0.9556970956947761, 
        0.05010149533146668, 
        0.0, 
        0.9417514666553772, 
        -0.29435193439243723, 
        -0.16266872401256527, 
        0.0, 
        123.47943183280302, 
        -38.59448156396104, 
        -21.328601365892723, 
        1.0
    ], 
    "filmTranslate": [
        [
            0.0, 
            0.0
        ]
    ], 
    "boundingBoxSizeX": 0.6719996223012445, 
    "boundingBoxSizeY": 1.445867, 
    "boundingBoxSizeZ": 3.886017, 
    "displayFieldChart": false, 
    "ghostPreSteps": 3, 
    "objectColorR": 0.0, 
    "autoSetPivot": false, 
    "displayCameraFrustum": false, 
    "farClipPlane": 10000.0, 
    "useExploreDepthFormat": false, 
    "cameraAperture": [
        [
            0.98, 
            0.735
        ]
    ], 
    "objectColorB": 0.0, 
    "worldInverseMatrix": [
        0.17020949916595463, 
        -0.2900567210842057, 
        0.9417514666553773, 
        -0.0, 
        1.387778780781446e-17, 
        -0.9556970956947765, 
        -0.2943519343924373, 
        0.0, 
        0.9854078984835036, 
        0.0501014953314667, 
        -0.16266872401256538, 
        -0.0, 
        -1.3012751258385534e-12, 
        3.7358995164567143e-13, 
        -131.11679270470253, 
        1.0
    ], 
    "overrideColorB": 0.0, 
    "outlinerColor": [
        [
            0.0, 
            0.0, 
            0.0
        ]
    ], 
    "objectColorG": 0.0,